4.017218210396414690e+00,1.073817489863156105e+01
4.146546462268452693e+00,1.178642011218094332e+01
9.646468350891883148e+00,7.884722850368910407e+00
-4.612179603800836247e+00,2.163520287608434955e+00
3.266468614663985193e+00,9.763717454673814800e+00
-6.159142813810760231e+00,1.108452901845581762e+00
2.699799728615396965e+00,8.734867670462810096e+00
5.165845153357460084e+00,-1.161556381075269373e+00
-4.462104719408113596e+00,8.711067157413412421e-01
2.577076754926500790e+00,1.063103232603442194e+01
7.631992181655745888e+00,7.879012021137092869e-01
3.676715084440620451e+00,9.023871413142344977e+00
6.412102586540183502e+00,-3.566925260598212688e-01
5.427212642448221658e+00,-2.217072133621220686e+00
9.644121920417319416e+00,6.955435509551164408e+00
5.360641578216168490e+00,-6.920630702526742173e-02
-6.213617593996702659e+00,3.035529576725100043e+00
8.866474135798544154e+00,8.426538968872133495e+00
-7.924453916107299989e+00,1.297219027326959040e+00
-4.508642174963261695e+00,1.118942849721017208e+00
3.730192847266547762e+00,1.018744070755495557e+01
6.367043852248966296e+00,-1.319109571224146960e+00
1.978553178625499287e+00,1.039288277937391847e+01
8.678417933816374941e+00,6.737479736449093259e+00
1.968531731249919758e+00,9.457357811391920777e+00
3.986648027397966310e+00,9.553929640866146045e+00
-5.300735437709852782e+00,3.092224631225762632e+00
7.695687598581994138e+00,-8.639046402972383465e-01
9.011915591699814598e+00,5.635266582862442419e+00
4.450828118521475751e+00,1.018291095440260818e+01
4.251645348943219105e+00,8.774667668114540575e+00
4.511068792149436568e+00,-1.309897470338226011e-01
-5.102993193331080590e+00,-3.256032100365420234e-01
9.391532776500538304e+00,6.832930484567402374e+00
3.073710805719774175e+00,1.124334625483844086e+01
-5.627827402424491865e+00,1.072909017981640512e+00
2.735366116297831329e+00,9.811866333864333711e+00
1.067159719686713970e+01,5.025960388884772811e+00
-4.092964591720559042e+00,2.079199206587623472e+00
6.073595476635078150e+00,1.978135684135432504e-01
-7.435444776140492706e+00,1.563734505882571124e+00
3.176383258827331968e+00,1.225596076738420237e+01
3.268543024074929360e+00,1.042232346407230636e+01
1.049091989711678075e+01,8.368597214397865969e+00
-5.106184315541781871e+00,-5.479318602803735505e-01
-5.747610824278216235e+00,8.702155727045991496e-01
-7.014040811913288209e+00,1.677056759163924493e+00
7.483470527785968329e+00,-1.068364249824552914e+00
2.896771730609061457e+00,1.099742038250067644e+01
3.292853886393251717e+00,1.233103963784158097e+01
3.813676707453657500e+00,1.051044069486829713e+01
3.348551155885935326e+00,1.208599711556675871e+01
7.165903727598159634e+00,-2.802381477129721743e-01
-6.376082218649155919e+00,9.349983432483034429e-01
1.027105265312592763e+01,6.315474310729944030e+00
2.450915803001620041e+00,1.120862532547689483e+01
9.519706212810412183e+00,8.806823982344960555e+00
5.631438860363104482e+00,-1.802929334917290349e-01
3.602486615511652612e+00,-8.275537029641876208e-01
-5.804556182811022147e+00,1.844763207999667864e+00
7.378010556789439178e+00,6.213399570740533839e+00
4.013423924978668289e+00,-6.518232670616564972e-01
-5.442033089597081208e+00,2.473728753037524708e+00
6.799563139818025626e+00,3.135680132309928148e-01
5.463198225381539430e+00,-1.952126974412009996e+00
5.756717268093787254e+00,-5.242779396782859536e-01
1.049755988063703604e+01,6.167374893472259423e+00
6.514153927721640258e+00,-9.660908148367732817e-01
9.350799302274998226e+00,6.937270670161775676e+00
8.153233312206920047e+00,6.029499392036437477e+00
5.244165206349462593e+00,9.992911094123734017e+00
-5.533257174277744994e+00,1.093010842185933473e+00
5.170678061725877406e+00,-5.543188828416220071e-01
-5.589579311320515664e+00,2.080810307414885152e+00
2.081065567930344251e+00,1.149443406524927624e+01
9.196843478955006645e+00,7.322931865682069663e+00
6.488295207706110901e+00,-4.184923869016884401e-01
3.677446080737303724e+00,9.089281966459880735e+00
3.065745170952948850e+00,9.618182897612154392e+00
9.804167534606277101e+00,4.665284469634649156e+00
4.169081472672865551e+00,1.006522608028958210e+01
3.210008131443406576e+00,9.845709199331594164e+00
1.365717416432639775e+00,1.115746651972421510e+01
5.712716185172292072e+00,-2.036817842595054273e+00
4.841610395114428478e+00,1.114455784702353824e+01
-6.288094224960538270e+00,1.441359975438746055e+00
8.960856976226423853e+00,6.177867778793489251e+00
8.247941004918921237e+00,-4.700290923253502284e-01
5.191318521712539713e+00,8.781792543222056935e+00
4.568626170593949709e+00,-9.986733022872242849e-01
-6.030985821824563331e+00,-1.699441612385089506e+00
8.953402942546581755e+00,6.398446631081436742e+00
4.873560090651705146e+00,-6.486578086058839565e-01
6.932520487835688527e+00,6.416394273980593255e+00
5.134554296739552548e+00,1.092015075082254150e+01
6.367167196657026018e+00,-7.897691669173906304e-01
2.981540526563135174e+00,1.006508754069003331e+01
-4.968912579134287633e+00,2.376026968470981160e+00
4.641449987105492170e+00,7.389078156843083001e-01
4.709741243285939127e+00,1.117916190539000176e+01
-6.535636985307138325e+00,9.632944256811439843e-01
1.057653192102716133e+01,7.028260401794693912e+00
5.454672958404199079e+00,-1.924557469368949336e-01
5.886370767706117668e+00,1.175426980380596120e-01
9.850279468676523820e+00,7.050570090566113279e+00
4.895880911079241393e+00,-8.520926124579614180e-01
4.087825048992788979e+00,1.131255437900134098e+01
6.688776371078158256e+00,-9.261422545057619304e-01
4.473325188572681910e+00,1.163503970017361944e+01
-6.478263889807898579e+00,1.289201940808816893e+00
3.188020137521212494e+00,1.000170754269633555e+01
-6.241809795062596145e+00,7.144354691199749086e-01
-4.837328648643985041e+00,1.039272142601291860e+00
5.648164726980063222e+00,-6.948203056649731035e-01
-7.481381873711751673e+00,-1.060114924919850488e+00
9.769987792886720257e+00,7.703604169978977012e+00
4.607361705321467937e+00,-2.146295547240917756e+00
-6.744814726506577429e+00,1.435218638258408896e+00
-5.499979935208744841e+00,1.489743175535051867e+00
7.749716959792371185e+00,-1.449930762883889113e+00
-5.999583236855100310e+00,2.676161138506894410e+00
6.051695863453866231e+00,-7.916870322227580470e-01
4.388062026451690301e+00,1.087108400831097654e+01
9.436299067772402793e+00,6.866505308130662399e+00
8.042156770071560601e+00,6.355720277708629240e+00
-5.043560907251279701e+00,-7.675376401699125495e-01
3.200621875743090872e+00,1.040904917036412058e+01
1.676096178695296812e+00,1.111529270985731443e+01
3.142924983301091046e+00,9.712781711059649936e+00
6.173317648951281988e+00,4.015084113143896349e-02
-5.701038800134055506e+00,8.229348537360480220e-01
7.382604818070900521e+00,1.134463670579399786e+00
9.193515767787390658e+00,6.595739092797634484e+00
6.471849583198994615e+00,-9.872279682106190890e-01
3.820847518990372560e+00,9.424031668933245953e+00
9.219337721352053094e+00,8.955155961481933602e+00
4.824915168755698147e+00,-5.547325959616545843e-01
3.967628653476634959e+00,-2.594026194419960518e+00
9.322992167050642820e+00,5.851630810530981996e+00
8.348870485679853459e+00,6.184661661370338237e+00
-7.454508042188948025e+00,1.965573175887149304e+00
-4.368174882274038495e+00,1.842685306029321346e+00
6.290330213456983621e+00,-8.482485655547374881e-01
6.621692601214964391e+00,-2.359566408185970188e-01
2.115892951656959120e+00,1.140728709777207683e+01
5.668903960836799705e+00,3.442001380369714703e-01
-5.167747390916016315e+00,2.747457595392573726e+00
6.309245949777640305e+00,-1.892212553947910880e+00
7.313563683697413609e+00,1.223078316965071854e+00
6.227316663939015839e+00,-1.293824311864587351e+00
3.923446574118163888e+00,1.007814405991280360e+01
-5.848635282299863292e+00,2.282089127561788722e+00
4.917062525530685235e+00,-9.702345025295489034e-01
3.141129439180804006e+00,1.085916337856215286e+01
2.612363341727400812e+00,8.295495169648969380e+00
-5.868676837001929769e+00,6.612249232598155224e-01
4.130973338814056817e+00,-1.283724046779529893e+00
-6.760273321155358062e+00,1.380511388815562457e+00
6.263468768420711541e+00,-1.440418493475739137e+00
-6.023109657746180901e+00,2.338785711977575676e-01
-5.136864263162038036e+00,1.477469103729004196e+00
-5.915331477369127455e+00,9.227140874581576391e-01
-5.289507273624351136e+00,5.608001281931418447e-01
9.106475818085122853e+00,7.055929554849437402e+00
6.107762903808375832e+00,-2.006125185081093498e+00
8.638446144098956836e+00,6.060131040172890060e+00
-6.430609824711687850e+00,2.726372057367021817e+00
3.862544941099010476e+00,1.048050002812981418e+01
-5.574244876744232968e+00,1.967469170927680366e-01
2.330583973770651962e+00,1.042127036525318928e+01
5.306461445083234807e+00,9.151938627430810769e+00
9.604493417335429939e+00,7.310497405501450885e+00
7.888460537354957225e+00,-2.251392615987493961e+00
-6.513619120568579390e+00,1.037922263786704047e+00
3.294371317291069801e+00,5.786097220645978201e-01
5.377064915817036272e+00,-1.050347920123657630e+00
8.764709807226999772e+00,6.249423100248056251e+00
9.951171094078940627e+00,6.374900148270384648e+00
-4.080959747457766795e+00,1.016451782143154459e+00
-5.261572648810897590e+00,2.619975903698902542e+00
9.324340669132878290e+00,5.617361429490991043e+00
-6.243547198293123657e+00,1.086579601640461856e+00
9.278073418165504904e+00,5.272006722867509154e+00
2.061988988494794839e+00,9.754675121182621922e+00
9.105934937725635336e+00,6.306284581247148857e+00
-3.803604547502154265e+00,1.375398686257421232e+00
8.010660066498056509e+00,6.440426572704337715e+00
8.593138591648809665e+00,6.300927172626052730e+00
7.976806710959926328e+00,7.062324191028217513e+00
6.551763827868695600e+00,-1.988444968947612468e-01
3.319519728965849570e+00,8.433287544094305588e+00
3.316887786513520897e+00,-7.384249041770044597e-01
-6.012865468571821914e+00,9.174081564257370314e-01
7.727153508507250024e+00,6.087005603312865887e+00
7.807495806415190032e+00,5.717934656581983077e+00
9.569558722318772581e+00,7.521132682525372815e+00
5.975067276683507345e+00,3.906379988111783330e-01
2.019238249375394645e+00,1.025745391896331782e+01
9.858301676581731954e+00,4.294289869961210648e+00
7.223958740714705229e+00,-9.255701862635641319e-01
2.913298868157434551e+00,9.191004100651896991e+00
1.673114157450876327e+00,9.840116381145895375e+00
1.032922466603597300e+01,6.137595212498478503e+00
7.421405945321377651e-01,1.104929321281275811e+01
8.290748119863042831e+00,6.193683284970288305e+00
-5.289936975307345968e+00,1.659101017333745931e+00
5.168478153169552058e+00,8.356596761482103730e+00
8.728523126222889061e+00,6.353417189212179572e+00
-6.348088344846279263e+00,1.728910535832776318e+00
7.563587659188309331e+00,9.151354415531526953e+00
-5.467844467892602367e+00,2.029258864966269726e+00
5.860953189879348990e+00,-7.883607202921567580e-01
7.268932154412376612e+00,5.357630477652016943e+00
1.816662026453820467e+00,9.463228727866248136e+00
2.118839215060023484e+00,9.601174023316961126e+00
6.328012517384966173e+00,-4.306882536839762854e-01
-5.129318869549310378e+00,8.631162801584313371e-01
9.937517632170461468e+00,6.949117064458222082e+00
9.524088089274787450e+00,6.709330664840905456e+00
1.024183024874894166e+01,5.809695858895262965e+00
6.325588753877933179e+00,-1.281243280831436016e+00
7.002370009982424648e+00,-7.376007066843052185e-01
5.802267611299626537e+00,-5.971142162148760368e-01
2.936055334917201609e+00,1.072592522381509994e+01
5.453601127351467959e+00,-1.500883848617828864e+00
9.259617691969468822e+00,6.874143408695850610e+00
7.586859188121882980e+00,-6.661391511708144586e-01
7.851685632229165712e+00,5.938557972040211297e+00
6.201328495657939754e+00,-2.848075793510026488e-01
3.609580913448482420e+00,1.037070847495060555e+01
9.232845101288194911e+00,7.298576169347008147e+00
6.242893831067116039e+00,-1.844204016829738668e+00
-5.337322329764387696e+00,1.461001508524114811e+00
-3.954874919666360178e+00,1.092624327118308702e+00
8.194305335522026112e+00,7.142633304172476549e+00
-6.714719831659053284e+00,2.346071102747488535e+00
8.677452350438803919e+00,4.752633942247692644e+00
6.718043496410023963e+00,-1.396776479677765970e+00
3.431450948535724077e+00,1.012393763617814457e+01
-6.368638207320821643e+00,-4.569982281613156339e-01
6.430482065940479330e+00,-1.008694520132395800e+00
4.436275230036727635e+00,1.005985940430488590e+01
5.571356030528727743e+00,-1.060308992878728374e+00
7.100726626787732698e+00,6.562251484098679200e+00
4.269475823395330494e+00,1.138726419744878093e+01
-3.997716640506729924e+00,1.132411252105002042e+00
4.646815816037549673e+00,-2.615715085276723251e+00
2.767085513781763151e+00,1.091491941358551898e+01
5.391445596795492179e+00,-6.901978928094949506e-01
-5.975190379620311631e+00,1.000403923845096799e+00
1.048454556090914025e+01,6.311639415288523125e+00
3.394633032099463765e+00,9.678219615549551236e+00
1.817619669262105164e+00,9.259338320005454648e+00
-6.342617855440352947e+00,1.498643095574303086e+00
3.899899861073302887e+00,1.014557223298466937e+01
9.831624051632198658e+00,4.995152161875185293e+00
-6.120006938434702448e+00,2.007554274307622677e+00
3.558138302460261748e+00,1.110185321819155568e+01
-5.566164384172105351e+00,5.715018460616547724e-01
5.564858516803732336e+00,-8.064182113470577118e-01
5.676609191549173872e+00,6.815383301417967665e-01
3.368448392152299409e+00,1.048613910337283173e+01
9.823148291908870178e+00,8.075828095396124340e+00
-5.292475654935355323e+00,4.118626494938718574e-01
-3.575949282766588411e-02,9.170910192568378250e+00
2.527995885667032816e+00,1.040551901864640705e+01
-6.282780821134928750e+00,-4.255035544115448598e-01
9.530976184927332895e+00,5.336644499820731191e+00
2.637437958797601567e+00,1.014022527243406735e+01
-6.282543019403502349e+00,4.283358458912099875e-01
-4.865242827807386483e+00,-8.885723501111164602e-02
5.882998987517835232e+00,-2.896090614030296662e-01
-7.163640666715960670e+00,1.255866361567941514e+00
1.158140600952733834e+01,6.433912554489552349e+00
-4.756774477642070842e+00,1.945070877637888884e-01
-4.588466702455900048e+00,1.444870316120078657e+00
9.927505813773633392e+00,6.321235128873595954e+00
-6.021956644125739722e+00,1.443822495300514763e+00
-5.642178747031575625e+00,1.109943470861009196e+00
3.538711270860605662e+00,8.302963359620402883e+00
-4.753624270068261382e+00,1.942093084311072637e+00
-6.475372510076673471e+00,3.608808768983050363e+00
-7.055931986285170154e+00,1.644498841169652392e+00
4.565021186410064047e+00,-1.148886210780689199e+00
4.255706181035823654e+00,-2.002116235209543404e+00
8.804581259490381839e+00,6.820819191414675409e+00
4.433194708860350275e+00,9.433849110035554375e+00
8.944406326227428039e+00,7.681667535086564413e+00
4.660165183271268496e+00,5.054839955122809592e-01
3.106591871761913204e+00,9.989919228145307528e+00
7.954465552944675721e+00,7.713829991109058426e+00
1.054185170264747740e+01,6.957131524653206611e+00
2.283158493541814771e+00,9.440767393929183626e+00
-5.192111920654299162e+00,1.954157783360158662e+00
6.058359522986006773e+00,-2.668027512148657188e+00
-5.184284732153683350e+00,1.166403830567365407e+00
-7.053430986554888982e+00,1.223350557654575121e+00
8.993165758486327377e+00,4.520599519170722225e+00
3.478043842384308526e+00,9.176011182669755684e+00
6.289188760203038520e+00,-6.062487428603490214e-01
6.582932651126432333e+00,6.183680750270303950e-02
9.977356028241835872e+00,6.389754147383742477e+00
9.560919950334467288e+00,7.600400297381279202e+00
6.255918250444299389e+00,-1.295897832862377808e+00
1.023964197577792845e+01,7.117736190830934007e+00
1.083015615412789323e+01,7.270701781003755748e+00
-7.273307310799706826e+00,1.764142694085481411e+00
3.572103452153573500e+00,1.167773790570242376e+01
9.383084381245605954e+00,6.708666426356054480e+00
-7.471568452875835931e+00,1.756076761939787456e+00
2.021721051060690222e+00,9.389505604189306354e+00
1.061947702587371722e+01,6.356052583134202294e+00
5.686820324262805926e+00,-2.475558814941642982e-01
8.745924534206935164e+00,6.711478683412404500e+00
-6.744701153452520970e+00,3.589287956454423334e-01
-5.489834662065240067e+00,8.753949350941911955e-01
8.556874709519416200e+00,5.571218774013809494e+00
4.559191280250079359e+00,-5.167120316809215019e-02
-4.616827150580993688e+00,1.694426830997185718e+00
7.547323831812412287e+00,-1.769300389279251817e+00
1.026185264736996849e+01,6.496552688969350342e+00
5.757361134424029636e+00,2.516473608678027052e-01
3.883083624748555174e+00,1.008284089637466963e+01
-6.259072684612148940e+00,1.274733619206255719e+00
3.933997249537580565e+00,9.974389493129415030e+00
-4.406641462817630028e+00,1.031523143052438973e+00
5.109368874447355324e+00,-1.041405282989707803e+00
3.692485864379233096e+00,-8.322100384002850681e-01
5.218395522734815550e+00,-8.519290063213789121e-01
1.049312418098626942e+01,6.399875013279675784e+00
-6.157073607631532219e+00,3.256128223362406260e+00
6.821705951239541932e+00,7.967577579719231640e-02
6.324298907560924832e+00,-6.375652322931688598e-01
2.513939462998480145e+00,8.755993662931290444e+00
2.707765944323092810e+00,1.041908174326394843e+01
-4.877735492506845461e+00,1.400887279852749412e+00
-4.718311314591828065e+00,9.471495906063300829e-01
9.890197401199101179e+00,8.182766221861871969e+00
9.563053344694427693e+00,7.579291237961410133e+00
-7.641871541941618773e+00,2.239558377882501006e+00
9.869152198500543705e+00,7.175447016820394097e+00
4.423304282377689134e+00,1.105621771867155090e+01
-6.349270626976434073e+00,1.267575077841024633e+00
5.453647525130024043e+00,-9.579623778914863053e-01
5.957721915657038458e+00,-2.604744931139679198e-01
8.392412627243515111e-01,8.722092770418283791e+00
-7.029811006804758122e+00,3.237877237381613593e+00
3.365414812151357182e+00,9.685330720117029557e+00
2.513249021498091373e+00,8.879377087884851250e+00
8.875276184368312116e+00,7.360295768969167263e+00
-6.425477543645575551e+00,2.328236006255939294e+00
2.265474506044850234e+00,7.724633204480602089e+00
6.399455150587242791e+00,-8.155543658203867619e-02
5.210946656361293172e+00,-1.997084047986359856e+00
2.734183439375712510e+00,1.045438032041007226e+01
4.838151482364400735e+00,-1.029002080459069601e+00
1.039436365537138585e+01,8.301694197798845209e+00
9.174653269506153563e+00,5.745248280522230466e+00
-5.994013636648308996e+00,1.350716600983159932e+00
2.787808563721078770e+00,8.306116050687645469e+00
3.743087216394916261e+00,8.297819005733071407e+00
9.723506068423215964e+00,8.062652606878979000e+00
3.921271366719774942e+00,1.027841536785344267e+01
5.251082995509261053e+00,-5.103300030377936336e-01
6.172775782045285986e+00,-2.441971970071332709e+00
-5.326257462051361635e+00,1.256080668047792948e+00
-6.659206148085453414e+00,1.098069400615070634e+00
8.086561704631265002e+00,7.989870546101416338e+00
-6.691753275506145293e+00,1.809154328418176139e+00
6.702881384927275477e+00,-3.079341558621740971e-01
3.941822153965824249e+00,1.047729289217372362e+01
-6.216724403266569610e+00,1.951453813507644908e+00
-6.940579861269921658e+00,2.120400860699623191e+00
9.134224244176614604e+00,5.735022669776469684e+00
5.620229044515030026e+00,1.283853269921797491e+00
7.156538194111226048e+00,-1.888722097145944190e+00
4.004637389043329776e+00,-2.025687152021640625e+00
-5.895857283249679170e+00,3.044990679565296787e+00
1.009709995282813999e+01,6.973964943717298581e+00
5.393031941975864108e+00,-6.213320482361036623e-01
9.136405502244125287e+00,4.904156546438523279e+00
-6.003963586203431291e+00,3.361754607184164190e-01
1.030098713614036043e+01,6.656601045289599838e+00
7.517847215259918059e+00,-1.920484785509402936e+00
2.028242994785923514e+00,1.012208266008358137e+01
1.026422017337814907e+01,7.856628946396679858e+00
-7.212870289940087609e+00,-6.072699420067622089e-01
3.095088227729244412e+00,1.094712896945076785e+01
4.792508467965318708e+00,-4.895570032169262453e-01
9.665717500307479781e+00,6.832324754281620116e+00
-3.914520280912016759e+00,7.597959099967397378e-01
4.088090081458029879e+00,1.100216564369401739e-01
3.087444233669277782e+00,8.432398214088895116e+00
-6.450750112231473210e+00,1.316138655166609217e+00
6.268685933462888826e+00,2.743314156563989581e-01
4.112733246107656448e+00,-1.007167378364832278e+00
5.572726209997448166e+00,-1.585974621672925799e+00
6.839742009955934954e+00,-5.585895731818746324e-01
8.789497287205039200e+00,6.334670981322646277e+00
2.684671605216429224e+00,1.160700743498319554e+01
6.338339330262900084e+00,-1.280682405787333167e+00
9.215928196534902028e+00,5.864676201687737844e+00
1.022225060071707325e+01,5.008673942521210343e+00
-6.317352167659847417e+00,2.178632264576230604e+00
-4.914105702450259905e+00,1.054507362436053031e+00
6.803297424626504331e+00,-1.189379420985344549e+00
6.359523959813427219e+00,-8.289448079056183083e-01
-4.532868777638374702e+00,1.319560711684415466e+00
8.984409591103339920e+00,5.641460023965889192e+00
7.126260391646439096e+00,-1.019042001582080470e+00
4.042286786893708239e+00,-5.655254159443101614e-01
-4.955431201058291713e+00,-9.512105456275898874e-02
1.003183252074827791e+01,4.543267649584783463e+00
4.597155582058171319e+00,-1.203611494235558910e+00
6.039845894132303883e+00,-2.066128120309327798e+00
-5.168010628742427670e+00,-3.719718022662661383e-01
7.533982184943197602e+00,7.041381194673366650e+00
5.098588012880584053e+00,-1.668507443561020764e+00
-5.407864393214770971e+00,1.957288943765931322e-01
6.754988802648070667e+00,-1.600908902802378631e+00
5.010779269224418186e+00,-1.686209632714219975e+00
7.940815944528935688e+00,5.036158337958384301e+00
7.276768485627969518e+00,-2.673143485324054325e+00
2.799305601921831421e+00,1.011286418311715707e+01
7.690490954798609557e+00,7.492644969748222472e+00
2.013922849916530922e+00,1.090132246805718452e+01
8.716605412514535800e+00,7.058762450489077800e+00
4.213009864835355778e+00,8.643189121345757897e+00
5.726553356330204458e+00,1.326197975335536849e+00
9.044207370626338616e+00,7.984436112757183679e+00
-6.913142858125080004e+00,-2.679196330132398440e-01
-5.369334457836503205e+00,1.190066888497076647e+00
9.133465673839278764e+00,4.784182933487862499e+00
-6.777879636437162958e+00,1.624643411531506487e+00
-4.446505496798106805e+00,3.134250010126452768e+00
1.707806230099036870e+00,1.140486029984286098e+01
3.717367314538106537e+00,1.061131399951492149e+01
5.961984867708252089e+00,-2.940983875605167053e-01
7.829631105688778625e+00,6.588366004309762936e+00
1.000376491539264379e+01,8.308506352073168344e+00
-7.041717409496596858e+00,1.953033494376323453e+00
3.905849821482830997e+00,9.589864416658100410e+00
9.232994895813506631e+00,8.352676910769361029e+00
5.106189203580623115e+00,-5.743588857865654651e-01
9.649394358032479246e+00,5.929146141287004568e+00
4.171587120966648854e+00,1.049363073182142791e+01
9.381871119297713335e+00,5.591281936297437305e+00
5.463277188408694585e+00,1.174277725843851927e+00
4.772613458937804864e+00,-1.205547412327694357e+00
1.528694682615628908e+00,1.006887011959448941e+01
3.095094660189515512e+00,9.219687000708749025e+00
6.926820982172676722e-01,9.573342798802080722e+00
8.906900427616552207e+00,7.798177739138845155e+00
7.684255632593874452e+00,4.928281721366568391e+00
3.259119148257267007e+00,9.290304524118251805e+00
3.953438398270046505e+00,1.040113063056784348e+01
1.619592895564019086e+00,1.167507214223016732e+01
6.783757649013526958e+00,-1.744916463353927583e+00
9.900112111175635832e+00,7.239101001584729467e+00
3.246930097739646470e+00,9.616709078847959447e+00
6.568980314475639126e+00,-7.920480881994982347e-01
-7.585811571891570182e+00,7.158045874341063541e-01
2.920541689107418293e+00,9.243670227242919424e+00
2.182899457509044794e+00,1.107476116938898514e+01
5.898959667793530315e+00,-2.018711469780471557e+00
5.088455478406819665e+00,-1.393686292818457684e+00
3.353704741130513423e+00,9.697622939842986511e+00
7.061234013557927014e+00,-5.225909248770442828e-01
9.931181490338747864e+00,9.457389739155090069e+00
9.177453439093294918e+00,8.199642925706388752e+00
4.609757571248769281e+00,-2.631316132567458332e-01
1.140180376245352711e+01,7.938031564709304710e+00
2.479917739608208826e+00,1.150132442962291357e+01
8.505008989897643090e+00,7.135532210108207707e+00
4.749865718663997427e+00,8.974922063176242304e+00
-7.850570762248985979e+00,-3.622120657039455960e-01
-3.724412749709721915e+00,9.211664626774329623e-01
6.056194935806349378e+00,-7.761299635371221584e-01
-6.107502402917330819e+00,1.171156867707731086e+00
3.307197412139628590e+00,9.053972416054005379e+00
7.822204202406780382e+00,5.841834253276906530e+00
4.175464612209657034e+00,8.070660595258949854e+00
9.484571862718325974e+00,8.356089447286215943e+00
-5.918512351575342834e+00,1.920880251051495513e-01
6.183840206913673754e+00,-1.615534888676577019e+00
8.120085256635089621e+00,-1.309778464753580396e-01
-5.386776832499965195e+00,1.326662765716969838e+00
5.532884617984419329e+00,1.329354403458283818e-01
3.715071883390899554e+00,9.266750509698248095e+00
3.315593978653663232e+00,1.025615890159228272e+01
9.022780224272226590e+00,6.257668328609818253e+00
8.425800508581369641e+00,7.412173046073198712e+00
6.083803257450333568e+00,-1.502600154239580599e-01
-4.760448096741781931e+00,1.691650756013364454e+00
3.074775407461125987e+00,1.070245451690380989e+01
-4.188694994422581530e+00,8.305643300014291519e-01
2.496097110490875348e+00,1.062024762911761933e+01
2.771554936279444714e+00,8.749410792333993214e+00
8.179753170873603096e+00,3.916025990631085918e+00
4.940325653687205332e+00,-4.980549805961720367e-02
8.944404021384416481e+00,4.549827863210111900e+00
-5.844443246584573259e+00,2.059293365110636209e+00
1.048311443637440910e+01,4.951113069885973772e+00
6.010803116666985524e+00,8.214017949200898006e-01
8.171861140914558064e+00,6.026007962805197238e+00
1.008535408514998899e+01,7.182405896549846958e+00
9.938189876368447528e+00,6.570119775567411224e+00
8.423681293537786274e+00,7.179946090883933429e+00
3.384871557122841601e+00,9.342538655907581813e+00
6.340576807519755498e+00,-2.253546711047726525e+00
9.436303147327707919e+00,6.569782319049056518e+00
-6.533999854399299423e+00,8.419763852134695137e-01
5.384292714556104364e+00,-2.215938190593472967e+00
1.738712782482247921e+00,9.794827297201743832e+00
-5.023498220532707670e+00,1.675606369046649835e+00
4.800915493158887770e+00,2.266471069661544213e-01
1.042237993151390718e+01,7.168258587400605286e+00
1.754213777226011350e+00,9.606601908020733660e+00
5.467350398956345892e+00,-1.096175113113120769e+00
8.684950417674652812e+00,6.846025812321702375e+00
2.199422302036230015e+00,1.065136452040010973e+01
-4.450170748823422784e+00,2.441071006589041303e+00
9.552140606740817219e+00,5.756512523631834632e+00
1.093997339485247089e+01,7.982177796965929772e+00
3.769583177787620976e+00,1.358505980942739733e+01
3.721836713574263822e+00,1.019486379721339375e+01
1.796212598334488542e+00,1.188385600711887058e+01
9.686548667262416146e+00,5.032163966678106171e+00
2.348374127921895926e+00,9.869851275726096773e+00
4.311946733877882743e+00,1.157772265377839815e+01
2.148001014081440285e+00,8.418293886001839255e+00
2.627565351420648732e+00,1.065952353080629500e+01
1.067358977880866533e+01,6.241704084947781617e+00
5.003673813359880818e+00,-1.535369595454808778e+00
3.370281121827155779e+00,9.588519792875407788e+00
2.956270175621890761e+00,1.320093693963590198e+01
9.947173379839659546e+00,6.133841295060221910e+00
9.851757611127064607e+00,7.487146176007946075e+00
-5.092183791890843914e+00,1.670245595217525469e+00
4.276141258212916796e+00,1.099359165983847220e+01
-5.879889408033280418e+00,2.705871604420931886e-01
2.456365148309142654e+00,1.178719819774587840e+01
4.140091581494280248e+00,-1.712872477457806797e+00
4.368822634044559727e+00,1.073531704895222738e+01
1.031454263426367035e+01,6.733031183932115304e+00
-6.414470586175206712e+00,6.228856537488260958e-01
6.667134665240799229e+00,8.855155499122027152e+00
9.141653187235801781e+00,5.019181244736511616e+00
2.833397151453589835e+00,8.667767735054759726e+00
8.014337640307701349e+00,6.519626131871673280e+00
3.734908669792953440e+00,1.060904841978338808e+01
7.227469944546067282e+00,4.908517910159662101e+00
4.282598529063966097e+00,9.918124920243247544e+00
-6.480311765821531012e+00,1.100669148306341549e+00
5.119503990809215921e+00,-1.271904715039152922e+00
9.257535889705206245e+00,7.731900657405050836e+00
6.086270672908293378e+00,-1.990391907276382932e+00
-5.287764917696910594e+00,9.508069062231068180e-01
4.753077468034572206e+00,-6.520771669070890564e-02
4.665444211856111245e+00,1.018117754570777045e+01
3.744371471379833505e+00,1.058947522818454523e+01
3.781095907638623910e+00,-1.489948272507129357e+00
2.459745855971294137e+00,7.973060678430782033e+00
-4.625786988772983221e+00,1.259439137935704389e+00
5.156847744046240578e+00,-1.194284741505056147e-01
1.607887357873464262e+00,9.266116567867475950e+00
9.772799570687203286e+00,5.873952908543252249e+00
8.469802692768432451e+00,6.488194713278578440e+00
-6.024952023400583556e+00,-2.474724321385624037e-02
2.559700539872268532e+00,8.495624746588319454e+00
9.588746459651392939e+00,7.735258631865121082e+00
3.558460216535179299e+00,9.295743044126668408e+00
-5.419107069812487687e+00,2.106845516608003344e+00
7.621643030112812411e+00,6.830218702662799402e+00
3.961628120582089796e+00,7.835896672670791041e+00
-6.449017142019808801e+00,2.332030612121785751e+00
2.681974311025376423e+00,1.012106452396273859e+01
3.227671859449137592e+00,9.450493208453719873e+00
5.997293167162411898e+00,2.892119995066602112e-01
3.069353550277850395e+00,8.301639683206337494e+00
8.105409472428094730e+00,6.729915703029067053e+00
4.234018075320243213e+00,9.426472578825224602e+00
-5.593784895306244564e+00,2.093456366389140566e+00
2.156506587799038144e+00,9.916977361508346078e+00
8.142917759659312082e+00,6.730056630270086160e+00
6.334620454871291884e+00,-4.535822883809894068e-01
6.594584811343508157e+00,-9.146499348451324618e-01
-6.452624713717313831e+00,1.311274707337521495e+00
-7.029411437191987133e+00,-7.958528874947528031e-01
6.243540381041950305e+00,-3.466720026677167499e-01
7.475749152027395539e+00,4.892203939065462137e+00
9.957439456942889677e+00,6.903991282858127576e+00
9.235247107694297242e+00,7.692593554395529942e+00
3.996956897658816121e+00,-1.046896985608739783e+00
2.134210151021223023e+00,1.033012479681825013e+01
5.839696103288987139e+00,-1.004622705448970255e+00
9.887195516888091618e+00,4.467547223738796092e+00
7.498946230600425089e+00,-2.046412008785043479e-01
5.565985009468715994e+00,-1.451161670142445903e+00
-4.651016677429538504e+00,1.517786950477803654e+00
-6.373418542860695979e+00,4.156436705238957252e-01
-4.833003705280327189e+00,1.987117017385540807e+00
3.522816223330748731e+00,-3.770942343141991948e-02
-5.001854952061613346e+00,1.981523099759759265e+00
-4.854638284828478589e+00,-7.626423345405513032e-01
-5.646841754347352804e+00,2.663734699801973527e+00
6.557378821882541509e+00,-2.037720046526891871e-01
-5.841480015741983500e+00,1.406279107932126182e+00
2.526810710432880303e+00,1.078847151049573760e+01
7.651446033335671970e+00,6.944307139523306915e+00
9.606217820421003140e+00,8.408919503032953102e+00
2.529369800712263583e+00,1.079687405591439386e+01
-6.509850821081404781e+00,1.248514715798662689e+00
-7.270019567190820986e+00,1.377282394667058263e+00
1.014333204879737238e+01,5.012205468878417669e+00
4.154733774082004061e+00,1.090119920298949907e+01
2.913935518084551202e+00,9.928433281322902815e+00
5.014678522415510820e+00,1.361520825419882730e+00
4.610847338501097070e+00,-2.120996596225800390e-01
4.903899676697315968e+00,1.015318189037969887e+01
4.624720540402513791e+00,4.394723430500082628e-01
4.957990855408986874e+00,-3.127850718410708497e-01
9.766719595773038165e+00,7.402406215341006401e+00
5.301939447126695626e+00,-2.800707609452590230e+00
4.269492950646509577e+00,9.576276359038068620e+00
7.072607219813033197e+00,-5.431058801319544882e-01
8.247778121319424116e+00,8.179026535030738287e+00
4.199315580119061586e+00,-5.496082712786564128e-01
1.013211882484897686e+01,7.144256975228109319e+00
9.868942429668257077e+00,6.742189369038876556e+00
-7.311027687479295878e+00,2.158304769556089742e+00
3.142825682960527001e+00,7.483350320424969837e+00
9.553101676543901632e+00,7.207910502441245981e+00
6.389266241885512621e+00,-1.126842525379090132e+00
8.175281056168032023e+00,7.591540670452174844e+00
5.924676683400949884e+00,-1.026081523138662410e+00
1.811543520182468781e+00,9.453039631217180272e+00
5.873275303025495830e+00,-1.490443836156344348e+00
4.055759579836879958e+00,1.170611904848152207e+01
-4.922940184293970844e+00,4.163290695481981496e-01
5.280425535481882093e+00,-8.636482281304216357e-01
-6.598070353581649172e+00,1.841668468906086709e+00
-5.260662648217494741e+00,-1.092285880097643158e-01
9.912003351255359362e+00,6.417515790250591934e+00
5.573594890162655524e+00,6.641150263646971030e-01
-6.082141547748167731e+00,1.682076417197675866e+00
-7.079288807248748761e+00,2.350384041806414803e-01
-4.528911695344850941e+00,1.383433953453199194e-01
5.669490618716491070e+00,6.199497396901549884e-01
8.228311619289479850e+00,7.544942127680188015e+00
-6.375399226671860653e+00,1.787350146434929732e+00
2.531588767467754852e+00,7.783352961528223091e+00
6.184953381104733694e+00,-2.577303415236511519e+00
5.962654231514520120e+00,-1.759297501313544343e+00
-5.948740647164651563e+00,8.961311683916044490e-01
-6.140603442882585306e+00,1.912054175755797392e+00
5.614746365519407867e+00,-4.902314103252410904e-01
-5.604096961258110632e+00,1.357642283401839567e+00
6.699345150445954467e+00,-9.293254618151824964e-01
5.695368783985172101e+00,-4.520994012449520705e-01
9.597559581885668933e+00,8.155870170681684073e+00
5.084682721596291088e+00,-1.305450522449764783e+00
1.082369461466398342e+01,5.360871230596789161e+00
4.595034211635937282e+00,-9.443112960128643429e-01
5.728290564959702458e+00,-7.555059083150431620e-01
7.321280384987583822e+00,-7.010108603162087393e-01
3.217614790827675986e+00,9.854713011816770063e+00
6.424888858501425659e+00,-1.449156332321168250e+00
-4.461669042393344498e+00,1.111587969610129178e+00
1.801921403806223454e+00,1.122695446026470378e+01
1.966816012588121110e+00,1.158980985115293016e+01
4.998463245528310672e+00,9.752334254292060578e+00
-7.010238686308271738e+00,2.838033704957815040e+00
6.046937724099607614e+00,-4.374072714605689027e-01
7.543997775958933616e+00,8.286276991901136313e+00
6.333383887588133199e+00,-2.519046924719195779e+00
7.980754737180744129e+00,7.254967591304485097e+00
2.870207021652751767e+00,9.593941923320969067e+00
9.336388575269934265e+00,6.981703312088153091e+00
8.002011942319755988e+00,8.016656407217766400e+00
3.919394810956185360e+00,1.141655359114925972e+01
2.753323438721925864e+00,1.096225450317768590e+01
3.384819580750241474e+00,7.784846337260342253e+00
7.171096448839868742e+00,7.043460564243990696e-01
8.328236283894893788e+00,5.050642274658917685e+00
8.314271758134037071e+00,7.448955599727606902e+00
1.000976720402434417e+01,6.211182592922684265e+00
7.786634978300578602e+00,6.400069048169706676e+00
7.693964965140835943e+00,8.438953728196496584e+00
-4.952887455328544242e+00,1.413875200025251244e+00
1.047592028932117181e+01,6.090099294490046944e+00
1.097462889960929111e+01,6.201004874588317506e+00
5.066088601857084761e+00,-3.019454255846289126e+00
3.863530852200105947e+00,8.316799624347844144e+00
3.575960581095834812e+00,8.964155735005768122e+00
9.425601894783213197e+00,6.393257064843742121e+00
-5.499437031015699695e+00,-3.005244570292515682e-01
6.419088262484490492e+00,-1.074340441665934343e+00
-6.737465228607161016e+00,2.745949059504982692e+00
-7.281950553552769989e+00,1.402880359416744049e+00
-5.526332805647629520e+00,8.624261703697373438e-01
5.447088180271295599e+00,8.788350339179133996e-01
6.123833436150837528e+00,-2.260639749760236850e+00
-5.993899317711924191e+00,1.925147753736969225e+00
-6.116023600366892410e+00,2.656300408680593250e+00
1.126174609927976533e+01,7.217697251327154007e+00
9.443870430225965507e+00,7.918351085633681841e+00
3.315962701761299591e+00,1.168399355757940938e+01
9.512146211844427768e+00,6.622257443210359362e+00
-5.614144830615548365e+00,3.403508665504273445e-02
2.162299982416383326e+00,1.135403905281679471e+01
-5.002709820722685663e+00,1.817429866410035899e+00
-5.524629290356072531e+00,-8.904177199341645199e-02
5.270933926684134185e+00,3.850459733882427571e-02
1.022422135923701170e+01,6.658734340483160707e+00
2.867785086891388779e+00,9.959637365832717748e+00
1.842290018825125886e+00,1.133097228951127988e+01
9.618619163314402698e+00,6.738131218262886968e+00
-6.040533526754562565e+00,1.693945150818195966e+00
2.593844147544235312e+00,1.006740057499693641e+01
-4.893946208016870081e+00,2.390112182060964763e+00
7.625466685464683536e+00,-6.262924596198850002e-01
8.233109168276257606e+00,5.132907027840900582e+00
-7.978190035946565395e+00,2.451728329134986950e+00
5.407652531216551317e+00,-3.201917527526033647e-01
8.991628114514528036e+00,7.171064483922072519e+00
6.222490469991811324e+00,-9.376252547836352313e-01
-5.190090065560390542e+00,1.509768358892171536e+00
-5.978759039525403551e+00,9.336607034885796574e-01
-6.863880815319341799e+00,1.841299222622450049e+00
7.159217517835149813e+00,4.637941436411686880e+00
8.071463074319826347e+00,6.110032040637098483e+00
6.010898207625079870e+00,-2.064993192146467926e+00
3.477658015927155066e+00,9.798201577817922114e+00
-6.350376182328148822e+00,1.073298399280909310e+00
-8.339056841075041859e+00,1.331422302353169940e+00
9.896314047570351491e+00,9.144774943980781501e+00
6.533361866571208765e+00,-1.155815807366511461e+00
-6.913876328643423719e+00,2.612953559380570390e+00
-5.946346376952078572e+00,1.743001742678192967e+00
2.773908801809862545e+00,1.058808269637047417e+01
8.549911905043012794e+00,5.842413659807471404e+00
-3.967544941256395674e+00,1.574199900303799415e+00
3.452507144611962175e+00,1.020095885509570977e+01
9.887517080580272122e+00,7.136009252010834913e+00
9.395219342089401238e+00,6.284377436694502883e+00
1.408127160692523194e+00,1.023458189989650435e+01
1.048463368781501259e+01,6.830925145331402604e+00
-5.149619012151191555e+00,2.115072153038799918e+00
4.115555320829312969e+00,9.886121827329972689e+00
4.276901828414879425e+00,9.765887609113162782e+00
6.939167536644228029e+00,-2.460312369708502978e+00
6.386464485036201566e+00,-8.563965829984875322e-01
2.971361334479004412e+00,1.082956781521267686e+01
4.531943269633347704e+00,1.109410738527256157e+01
-5.567985871366719408e+00,1.882616522942204274e+00
6.679719679425297763e+00,-9.888477038347309733e-01
7.597628687942688863e+00,-1.517327820294862128e+00
6.988986908131058939e+00,-6.046022779723612128e-01
5.239321670689505162e+00,-7.805545871159641491e-01
8.337760704066417006e+00,6.645303257547711340e+00
3.973465881196296401e+00,1.202345037163807717e+01
6.677077754459553205e+00,1.007547596335290896e-01
8.899358276070914897e+00,5.912059351474005631e+00
-5.247565360466611928e+00,-9.516820752079575563e-01
-3.965829358181741870e+00,-3.787170292549244532e-01
2.895813454791611452e+00,8.540699580678532854e+00
-4.958145436297155761e+00,1.967262188236521769e+00
-5.366146695336775352e+00,1.070217828843669228e+00
-6.343413464513588451e+00,-1.245146508879546143e+00
9.566104378568361710e+00,7.657629642846094598e+00
-5.785955309748750608e+00,1.095876488327670373e+00
-7.015918391399546650e+00,-4.793623592127189692e-01
3.064842530469313875e+00,1.093425981731376950e+01
-7.674527463122849724e+00,2.015470558656183631e+00
-5.536246997395046776e+00,1.708974629897294539e+00
3.034009385444109252e+00,9.562493888581663271e+00
2.294673464204186608e+00,8.940550301120175902e+00
-5.785667324036920078e+00,1.308180751666253139e+00
-4.859985812455802190e+00,2.064293772247727254e+00
5.851659843937681238e+00,4.248803656070032631e-01
4.191485154666989565e+00,1.191310754886045409e+01
-4.284108686433729218e+00,1.940148986498920980e+00
8.058081604819015809e+00,5.340567293770756230e+00
9.589878218822105893e+00,5.132957311660020672e+00
-5.459389303662482540e+00,1.743494512544589092e+00
3.944207947482226917e+00,9.366262486668006204e+00
-5.086405689004284802e+00,1.929678277395294739e+00
8.727005359419521824e+00,6.508052084525965064e+00
8.384638377437088508e+00,6.360857345369049121e+00
2.760642748586795481e+00,1.095851617887017682e+01
8.584190552979935163e+00,6.636898222599645791e+00
4.857889666705641041e+00,-1.798296540447414937e+00
6.240687054816699053e+00,-9.828938349240264882e-01
8.518734048770387091e+00,6.005514526846384094e+00
9.426418597638399177e+00,6.955636168857761703e+00
4.106336576890696755e+00,9.928970559005811936e+00
4.777075869033597044e+00,7.746123681323948684e-01
-5.573774067200981008e+00,7.053842800285486936e-01
5.413541881224408492e+00,-1.301835549099608302e+00
-6.413394494345356023e+00,7.409305676143761454e-01
3.347566453154936728e+00,1.101837037577484857e+01
-5.586698774330083772e+00,-6.848206015629432208e-02
-5.241890970565838970e+00,-2.699413328490356534e-01
-8.286892767411940142e+00,-7.930728335259118467e-02
-4.793001370871553313e+00,1.046265948664140799e+00
-5.861407495656012934e+00,1.986526155940127936e+00
8.467932714842655528e+00,6.392933848008947706e+00
-4.904622755912497745e+00,1.533259883541017166e+00
8.606685970372316419e+00,6.884690745664992839e+00
-6.046618821483436435e+00,-6.712321428100807008e-01
-3.480585723384655772e+00,2.262729765922826708e+00
-7.788678510815800315e+00,2.488344918913434345e-01
6.039358684339771521e+00,4.267309948856454760e-01
5.073766990989655667e+00,-2.412818279461470539e-01
9.558849021132880708e+00,6.529180952709589647e+00
8.711613180658240196e+00,6.901859025241344092e+00
7.669451946506737450e+00,-7.637005308785583813e-01
8.147749451263752718e+00,-1.236400162130890656e-02
5.309951693474170398e+00,-7.746119856139662696e-01
-4.176835454098139166e+00,1.929271964544204909e+00
8.569741779612158439e+00,8.196205498830412495e+00
8.925529788743792992e+00,6.751160536149258817e+00
5.716995364637142529e+00,-1.737155654246471670e-01
8.604069453083898367e+00,5.355615798769531644e+00
5.087649431615512974e+00,1.085804765318352061e+01
-5.092638274835174172e+00,2.521306333641007313e+00
7.631258838135032363e+00,4.881498371236759226e+00
8.216074242968621988e+00,5.800018544407022247e+00
5.333622713471034338e+00,-7.473836098923853921e-01
1.024067771810935490e+01,7.005880143987495146e+00
9.087065133759287150e+00,4.644675880590657613e+00
6.052026811554853225e+00,-9.812075767277206317e-02
2.669198641330069677e+00,1.042014953683554879e+01
-4.893062707748105922e+00,2.954735930507015773e+00
4.811784666101710073e+00,-5.433502212667919995e-01
1.977795588781696923e+00,7.996263551343174569e+00
5.107519555498738484e+00,5.508814414006124593e-02
-7.858303488704624584e+00,1.967293241043823304e+00
1.082029859860456078e+01,5.971737101165138561e+00
-6.521950509037218069e+00,1.649798949768298328e+00
7.478935018294498249e+00,7.331358696864699986e+00
1.745828070069522564e+00,1.110142039001857661e+01
7.248883363097561983e+00,-1.942747689049305393e+00
2.932195952338700007e+00,8.842579688905900070e+00
5.988020900490698573e+00,-1.966086783115740699e+00
2.740682160830914871e+00,1.103696930010123367e+01
9.149537864195085746e+00,8.377550461146123340e+00
6.376242935012656154e+00,3.521394100192454246e-02
6.269327623005774619e+00,9.610576808466961829e-01
2.216228530751932713e+00,9.961491629507550627e+00
2.677067793141628904e+00,9.780779366964715393e+00
9.886734942230825496e+00,5.641624841780930488e+00
5.231169068623398921e+00,-9.907915338490501655e-01
4.621519410600175348e+00,1.058587107121869764e+01
-5.383683760995601197e+00,2.728487140863644633e+00
8.915816754425902602e+00,5.869070941250960516e+00
-6.239874063184663200e+00,-4.238787789738118761e-02
4.144161462447233824e+00,1.064266730086251300e+01
-7.266440020460057880e+00,3.131331346869020038e+00
5.167196473255225797e+00,-1.732990260639406976e+00
3.121471380364132742e+00,9.509811789170161234e+00
1.153975343407260290e+01,6.822070897773897968e+00
-5.961463949835316356e+00,1.296111356988328023e+00
8.115063853398643445e+00,7.566124495689389384e+00
-5.662979097428032738e+00,-3.734735921621514798e-01
1.037259780341537763e+01,5.232661106844213705e+00
-5.378766202629424065e+00,1.589572084837362675e+00
2.003086851014770353e+00,1.046643034049366960e+01
6.203150585354708646e+00,3.182910769592794953e-01
2.491991868395113663e+00,9.920081767888802915e+00
-5.393079168083662722e+00,1.100173710115647907e+00
4.603105223723091832e+00,-2.238985655883948489e+00
3.651282356249744954e+00,8.056814545665535121e+00
6.084705073830978250e+00,-8.460780579183477812e-01
8.891779314030170411e+00,6.052030806663288409e+00
-7.047555506467002573e+00,-8.748677726442020131e-01
-4.483230655716320179e+00,1.138076637587516204e+00
-6.575998487258170933e+00,-1.537494231313001336e-01
3.512135289926243242e+00,9.982458181023163846e+00
-4.047838663390481706e+00,1.711395972660342713e+00
8.893725229285857736e+00,5.008470318389509401e+00
-6.433415894037947780e+00,5.289213172974893684e-01
3.411328755206800789e+00,1.071574337897416385e+01
-6.014727438066509890e+00,1.756659490454497208e+00
2.856761028524723134e+00,1.128359861622750060e+01
3.515625295641631176e+00,9.662037480565798475e+00
3.217423031346571705e+00,1.048037719350016062e+01
1.744807073905984440e+00,1.134462819613247575e+01
1.039203246537770653e+01,7.135607940139110816e+00
1.125631829185695842e+01,6.350750688449891435e+00
9.467993041817628352e+00,5.763589549344891871e+00
9.602174736713008585e+00,6.429606367255574995e+00
4.318760464080915185e+00,-2.288617524313418805e-03
8.460603504659115259e+00,5.317066793237045452e+00
-5.574630841746810006e+00,-3.849233180151299116e-01
3.288640704859011166e+00,1.065441085248679620e+01
8.925094661035156918e+00,7.851306119693038710e+00
8.407393795648518520e+00,5.546397613055056297e+00
3.830077798147600188e+00,8.756005401118271081e+00
6.379900626678922215e+00,4.902100028430098622e-01
3.114747352827244686e+00,9.659657384390508028e+00
-6.271163722290109988e+00,8.688125453473660720e-01
8.272265804683067714e+00,5.983502822415476707e+00
5.278298680710300950e+00,-1.505828506344813800e+00
6.416537914582871593e+00,-1.705029273847786353e+00
-4.388236245508457145e+00,1.436835322970638096e+00
2.149055247193009777e+00,1.007413991351193161e+01
2.985288062005588383e+00,1.062592952528695101e+01
4.692532463006241272e+00,-1.805329496673963474e+00
8.847287441431795685e+00,6.786666054992873676e+00
7.190724110755470022e+00,-1.343606916411999919e+00
-6.415337471690623516e+00,4.786325981616059710e-01
4.259638094133287645e+00,9.784454876196537754e+00
2.761384470821556025e+00,9.075365874069444061e+00
4.361318678300470708e+00,9.685879348697232771e+00
-4.347193454973994342e+00,3.206998803243956697e-01
2.442881468630145214e+00,1.034674115096517966e+01
9.988211455934047578e+00,6.172795660667735440e+00
-6.940104363981950186e+00,-1.779838088262031270e-02
2.028569855367385877e+00,8.215528629620761691e+00
9.198117212518873487e+00,5.760101165931045486e+00
-4.027741363335361591e+00,2.498386377507542999e+00
1.008021822789818422e+01,6.249079254670901307e+00
2.648797695677153285e+00,9.044523351378398246e+00
8.297932900739379392e+00,6.726141050504041985e+00
1.061730799883709331e+00,1.151431053435552343e+01
8.682150408617800963e+00,6.923948145986013714e+00
-3.986652744673945925e+00,2.656472877263062582e+00
4.623902581414746749e+00,1.107747294387816339e+01
4.809040841704266711e+00,1.169777687676536182e+01
3.565346708048822144e+00,1.004003634669874323e+01
3.232658599756282225e+00,1.111124796670963910e+01
-6.256141072555174709e+00,1.837554441863832988e+00
-5.584441421046576259e+00,2.393952911455940580e+00
5.112548019151824441e+00,5.642585718206294398e-02
5.371296375963281911e+00,-2.422579437202848629e-01
-4.510111403324646773e+00,9.887734249462424296e-01
8.100388546366172449e+00,6.849240926972337107e+00
7.993511456693004114e+00,5.092036023692534386e+00
8.145418890742853080e+00,7.689998215941019843e+00
5.883525624030722767e+00,1.404382441605664500e+00
2.641135846153354283e+00,8.395473426947329898e+00
3.330503584224966396e+00,1.031111367703871196e+01
-5.896918279822816800e+00,8.865327529472755153e-02
3.004918701641525747e+00,8.739854592284387991e+00
-4.813723083740005571e+00,-1.820834720390656969e+00
6.334579329625455557e+00,1.015305116998703072e+00
-7.077447529242801849e+00,1.896726877202392636e+00
4.027349146871948449e+00,9.304353136693562121e+00
9.055088309185448381e+00,7.750368091003586812e+00
-5.773176480275345135e+00,2.105795025645966767e+00
-6.193773120291317547e+00,3.705772038176478045e+00
2.865925420408150792e+00,8.475350827859816860e+00
-5.480182547124196724e+00,2.116388369389955670e+00
-6.169992650236840959e+00,3.537593898203299947e+00
2.393143715559422624e+00,1.079993913143019491e+01
1.021482480327617637e+01,5.444832734881807745e+00
8.836560974643134614e+00,7.366627255201679603e+00
9.440190308581662748e+00,7.024542303973936974e+00
5.506450163065097492e+00,-7.838175747360028867e-01
6.390929981696417350e+00,-1.471518227592063521e+00
5.376016298776762348e+00,9.439929447618373715e+00
1.966550694775208719e+00,9.492741870376372404e+00
1.037279367458458168e+01,7.715464857030191581e+00
9.354118544995166928e-01,8.926404674378176196e+00
6.362874223218101477e+00,1.097206774534560836e+00
-4.250737571863984599e+00,-5.494051712237899565e-01
7.370091915277662054e+00,-1.848607467234799850e+00
-5.713949119544318833e+00,8.071234266751183828e-01
9.093094093754302776e+00,5.937556537957578762e+00
5.532258751786383044e+00,-2.356448836075838216e+00
5.225004027587575095e+00,4.467449476745426473e-01
4.200100146594381023e+00,9.321706168426469041e-02
6.734310717508738442e+00,1.375993179170845515e+00
6.224121805971061683e+00,-3.142174144856478613e+00
1.925433041365046449e+00,1.120380857075100067e+01
4.471486016719087964e+00,-8.629686926004589420e-01
-6.639222560349980817e+00,2.287351994473672878e+00
4.916465961134322882e+00,-5.345005302795793334e-01
-6.404541324695369298e+00,1.643497339569039983e+00
8.806973824792281746e+00,7.524039907966036722e+00
4.789944775674299215e+00,-2.835408522239319051e+00
9.005786065942455565e+00,5.027984119004198504e+00
6.330684945962399723e+00,-9.528399303662260511e-01
8.403455100904205111e+00,6.423271929524670298e+00
8.459222554249368642e+00,6.121508610987511645e+00
4.591387077686223783e+00,1.052063546043639519e+01
2.637209633575908541e+00,1.039854168570300530e+01
3.302912304189310255e+00,9.805061640415692281e+00
2.226063927763638706e+00,9.023531377947385579e+00
4.597181433150022478e+00,8.899386915021322508e+00
-5.848084062055765031e+00,2.112954743939717162e+00
-5.184371151293438729e+00,9.638079892420734485e-01
8.591710143917479670e+00,6.835384309789567681e+00
4.017891204858988097e+00,1.029540537520907328e+01
6.171550697536388519e+00,3.436879012105442666e-02
5.083752472543241474e+00,-3.010507705846158899e+00
4.692689372026411121e+00,1.120816264939042028e+01
9.436597315626269022e+00,7.588920625233522621e+00
